{
  "locomo_metrics": {
    "Random": {
      "Precision@1": 0.0,
      "Recall@1": 0.0,
      "F1@1": 0.0,
      "NDCG@1": 0.0,
      "Precision@3": 0.0,
      "Recall@3": 0.0,
      "F1@3": 0.0,
      "NDCG@3": 0.0,
      "Precision@5": 0.0,
      "Recall@5": 0.0,
      "F1@5": 0.0,
      "NDCG@5": 0.0,
      "Precision@10": 0.0001006036217303823,
      "Recall@10": 0.0005030181086519115,
      "F1@10": 0.0001676727028839705,
      "NDCG@10": 0.00017830914163385084,
      "MRR": 0.0001006036217303823,
      "HitRate": 0.001006036217303823
    },
    "RAG": {
      "Precision@1": 0.2152917505030181,
      "Recall@1": 0.17145695239256606,
      "F1@1": 0.18335010060362172,
      "NDCG@1": 0.2152917505030181,
      "Precision@3": 0.12541918175720992,
      "Recall@3": 0.28655867383231565,
      "F1@3": 0.16625215272096558,
      "NDCG@3": 0.25461714466710267,
      "Precision@5": 0.09436619718309858,
      "Recall@5": 0.3512911161049994,
      "F1@5": 0.1421868736003545,
      "NDCG@5": 0.28148035127235105,
      "Precision@10": 0.061871227364185113,
      "Recall@10": 0.4363784613515195,
      "F1@10": 0.10426437112586893,
      "NDCG@10": 0.3121495275739175,
      "MRR": 0.30579748331257384,
      "HitRate": 0.53420523138833
    },
    "TimeDecay": {
      "Precision@1": 0.079476861167002,
      "Recall@1": 0.06253473220274025,
      "F1@1": 0.067018779342723,
      "NDCG@1": 0.079476861167002,
      "Precision@3": 0.054661301140174375,
      "Recall@3": 0.12776703511109952,
      "F1@3": 0.07306218261952667,
      "NDCG@3": 0.10710705720476908,
      "Precision@5": 0.04808853118712273,
      "Recall@5": 0.17643124257812387,
      "F1@5": 0.0721571492446744,
      "NDCG@5": 0.12842870417996252,
      "Precision@10": 0.03490945674044265,
      "Recall@10": 0.25142670406887285,
      "F1@10": 0.059072869521452985,
      "NDCG@10": 0.15440079064877402,
      "MRR": 0.1411624508958513,
      "HitRate": 0.3158953722334004
    },
    "EmotionalRAG": {
      "Precision@1": 0.20925553319919518,
      "Recall@1": 0.16490813568278354,
      "F1@1": 0.17702883970489602,
      "NDCG@1": 0.20925553319919518,
      "Precision@3": 0.12173038229376258,
      "Recall@3": 0.2747377482789957,
      "F1@3": 0.16045866161560327,
      "NDCG@3": 0.24499663635146526,
      "Precision@5": 0.08993963782696178,
      "Recall@5": 0.33747368772519676,
      "F1@5": 0.13598550175511948,
      "NDCG@5": 0.27008895564257795,
      "Precision@10": 0.059657947686116694,
      "Recall@10": 0.42338647434174154,
      "F1@10": 0.10052948097073316,
      "NDCG@10": 0.30140053219240803,
      "MRR": 0.29682260228034874,
      "HitRate": 0.5171026156941649
    },
    "CogMem-ECA": {
      "Precision@1": 0.19095477386934673,
      "Recall@1": 0.1622377761824998,
      "F1@1": 0.1696398659966499,
      "NDCG@1": 0.19095477386934673,
      "Precision@3": 0.11976549413735343,
      "Recall@3": 0.2883125947196299,
      "F1@3": 0.16237138071308924,
      "NDCG@3": 0.24845963117119355,
      "Precision@5": 0.0914572864321608,
      "Recall@5": 0.35667823243200125,
      "F1@5": 0.13992980776900377,
      "NDCG@5": 0.2770823180640707,
      "Precision@10": 0.06180904522613065,
      "Recall@10": 0.4550829544548137,
      "F1@10": 0.10524467442571898,
      "NDCG@10": 0.3122707757853036,
      "MRR": 0.2902947276062854,
      "HitRate": 0.5402010050251256
    },
    "CogMem-CRC": {
      "Precision@1": 0.21629778672032193,
      "Recall@1": 0.1724629886098699,
      "F1@1": 0.18435613682092555,
      "NDCG@1": 0.21629778672032193,
      "Precision@3": 0.12474849094567403,
      "Recall@3": 0.284546601397708,
      "F1@3": 0.16524611650366178,
      "NDCG@3": 0.2541141265584507,
      "Precision@5": 0.09456740442655935,
      "Recall@5": 0.35229715232230324,
      "F1@5": 0.14252221900612244,
      "NDCG@5": 0.28214489696823,
      "Precision@10": 0.06227364185110664,
      "Recall@10": 0.44040260622073474,
      "F1@10": 0.10499603382936262,
      "NDCG@10": 0.31359578571917396,
      "MRR": 0.30661668423237837,
      "HitRate": 0.5382293762575453
    },
    "CogMem-SSDR": {
      "Precision@1": 0.22032193158953722,
      "Recall@1": 0.17698057029042946,
      "F1@1": 0.18896713615023472,
      "NDCG@1": 0.22032193158953722,
      "Precision@3": 0.12810194500335342,
      "Recall@3": 0.29185832890561264,
      "F1@3": 0.16927911681432808,
      "NDCG@3": 0.26069406536843137,
      "Precision@5": 0.09456740442655935,
      "Recall@5": 0.3503689162391376,
      "F1@5": 0.14225873333016192,
      "NDCG@5": 0.2847548561376576,
      "Precision@10": 0.062273641851106634,
      "Recall@10": 0.4421583426595698,
      "F1@10": 0.10510419649047456,
      "NDCG@10": 0.31749544675988245,
      "MRR": 0.311438472102456,
      "HitRate": 0.5382293762575453
    },
    "CogMem-ECA+CRC": {
      "Precision@1": 0.228125,
      "Recall@1": 0.1986780753968254,
      "F1@1": 0.206953125,
      "NDCG@1": 0.228125,
      "Precision@3": 0.1359375,
      "Recall@3": 0.3411433531746032,
      "F1@3": 0.18839285714285714,
      "NDCG@3": 0.2945639700283177,
      "Precision@5": 0.1,
      "Recall@5": 0.4067051091269841,
      "F1@5": 0.15575024801587306,
      "NDCG@5": 0.32265477136060094,
      "Precision@10": 0.06421874999999999,
      "Recall@10": 0.5008432539682539,
      "F1@10": 0.11100451808898018,
      "NDCG@10": 0.35570491038853874,
      "MRR": 0.33151475694444443,
      "HitRate": 0.571875
    },
    "CogMem-ECA+SSDR": {
      "Precision@1": 0.20100502512562815,
      "Recall@1": 0.17151032942490232,
      "F1@1": 0.17948073701842546,
      "NDCG@1": 0.20100502512562815,
      "Precision@3": 0.12479061976549413,
      "Recall@3": 0.30186248703836643,
      "F1@3": 0.1691194065565925,
      "NDCG@3": 0.2600003797240153,
      "Precision@5": 0.09396984924623115,
      "Recall@5": 0.367272872297998,
      "F1@5": 0.14402368987796127,
      "NDCG@5": 0.2872887666726976,
      "Precision@10": 0.06231155778894472,
      "Recall@10": 0.4596753609316423,
      "F1@10": 0.10604293835873561,
      "NDCG@10": 0.32016991865445815,
      "MRR": 0.29978164632687243,
      "HitRate": 0.5452261306532663
    },
    "CogMem-Full": {
      "Precision@1": 0.2332214765100671,
      "Recall@1": 0.20611483967188665,
      "F1@1": 0.21398210290827738,
      "NDCG@1": 0.2332214765100671,
      "Precision@3": 0.13926174496644295,
      "Recall@3": 0.350768349845531,
      "F1@3": 0.1929370405880473,
      "NDCG@3": 0.3017135727270612,
      "Precision@5": 0.10134228187919463,
      "Recall@5": 0.4157012357515713,
      "F1@5": 0.15818419090231176,
      "NDCG@5": 0.3287495896770528,
      "Precision@10": 0.06661073825503357,
      "Recall@10": 0.5172552466176626,
      "F1@10": 0.1148956656703088,
      "NDCG@10": 0.3649196534672103,
      "MRR": 0.3375779002876318,
      "HitRate": 0.5939597315436241
    }
  },
  "embodied_metrics": {
    "RAG": {
      "Precision@1": 1.0,
      "Recall@1": 1.0,
      "F1@1": 1.0,
      "NDCG@1": 1.0,
      "Precision@3": 0.33333333333333326,
      "Recall@3": 1.0,
      "F1@3": 0.5,
      "NDCG@3": 1.0,
      "Precision@5": 0.19999999999999996,
      "Recall@5": 1.0,
      "F1@5": 0.33333333333333337,
      "NDCG@5": 1.0,
      "Precision@10": 0.09999999999999998,
      "Recall@10": 1.0,
      "F1@10": 0.18181818181818182,
      "NDCG@10": 1.0,
      "MRR": 1.0,
      "HitRate": 1.0
    },
    "CogMem-SSDR": {
      "Precision@1": 1.0,
      "Recall@1": 1.0,
      "F1@1": 1.0,
      "NDCG@1": 1.0,
      "Precision@3": 0.33333333333333326,
      "Recall@3": 1.0,
      "F1@3": 0.5,
      "NDCG@3": 1.0,
      "Precision@5": 0.19999999999999996,
      "Recall@5": 1.0,
      "F1@5": 0.33333333333333337,
      "NDCG@5": 1.0,
      "Precision@10": 0.09999999999999998,
      "Recall@10": 1.0,
      "F1@10": 0.18181818181818182,
      "NDCG@10": 1.0,
      "MRR": 1.0,
      "HitRate": 1.0
    },
    "CogMem-ECA+SSDR": {
      "Precision@1": 1.0,
      "Recall@1": 1.0,
      "F1@1": 1.0,