{
  "RAG": {
    "Precision@1": 0.18,
    "Recall@1": 0.1461111111111111,
    "F1@1": 0.156,
    "NDCG@1": 0.18,
    "Precision@3": 0.11777777777777776,
    "Recall@3": 0.2674444444444444,
    "F1@3": 0.1564920634920635,
    "NDCG@3": 0.22900876323504027,
    "Precision@5": 0.09333333333333334,
    "Recall@5": 0.34377777777777774,
    "F1@5": 0.140973544973545,
    "NDCG@5": 0.2618570570850682,
    "Precision@10": 0.04666666666666667,
    "Recall@10": 0.34377777777777774,
    "F1@10": 0.07995404595404597,
    "NDCG@10": 0.2618570570850682,
    "MRR": 0.2663333333333333,
    "HitRate": 0.4266666666666667
  },
  "CogMem-ECA": {
    "Precision@1": 0.21052631578947367,
    "Recall@1": 0.17105263157894737,
    "F1@1": 0.1820175438596491,
    "NDCG@1": 0.21052631578947367,
    "Precision@3": 0.12280701754385966,
    "Recall@3": 0.30372807017543857,
    "F1@3": 0.168671679197995,
    "NDCG@3": 0.25823781844495325,
    "Precision@5": 0.08947368421052633,
    "Recall@5": 0.37280701754385964,
    "F1@5": 0.13993316624895574,
    "NDCG@5": 0.286975756638838,
    "Precision@10": 0.044736842105263165,
    "Recall@10": 0.37280701754385964,
    "F1@10": 0.07824412429675587,
    "NDCG@10": 0.286975756638838,
    "MRR": 0.29035087719298247,
    "HitRate": 0.4342105263157895
  },
  "CogMem-CRC": {
    "Precision@1": 0.18,
    "Recall@1": 0.1461111111111111,
    "F1@1": 0.156,
    "NDCG@1": 0.18,
    "Precision@3": 0.11777777777777776,
    "Recall@3": 0.2674444444444444,
    "F1@3": 0.1564920634920635,
    "NDCG@3": 0.22900876323504027,
    "Precision@5": 0.09333333333333334,
    "Recall@5": 0.34377777777777774,
    "F1@5": 0.140973544973545,
    "NDCG@5": 0.2618570570850682,
    "Precision@10": 0.04666666666666667,
    "Recall@10": 0.34377777777777774,
    "F1@10": 0.07995404595404597,
    "NDCG@10": 0.2618570570850682,
    "MRR": 0.2663333333333333,
    "HitRate": 0.4266666666666667
  },
  "CogMem-SSDR": {
    "Precision@1": 0.19333333333333333,
    "Recall@1": 0.143,
    "F1@1": 0.1571111111111111,
    "NDCG@1": 0.19333333333333333,
    "Precision@3": 0.11333333333333333,
    "Recall@3": 0.2518888888888889,
    "F1@3": 0.1496031746031746,
    "NDCG@3": 0.2232921902005962,
    "Precision@5": 0.08933333333333335,
    "Recall@5": 0.31600000000000006,
    "F1@5": 0.13330158730158734,
    "NDCG@5": 0.2508359536316261,
    "Precision@10": 0.044666666666666674,
    "Recall@10": 0.31600000000000006,
    "F1@10": 0.07596914196914197,
    "NDCG@10": 0.2508359536316261,
    "MRR": 0.26655555555555555,
    "HitRate": 0.4
  },
  "CogMem-ECA+CRC": {
    "Precision@1": 0.2553191489361702,
    "Recall@1": 0.21099290780141844,
    "F1@1": 0.22340425531914893,
    "NDCG@1": 0.2553191489361702,
    "Precision@3": 0.1453900709219858,
    "Recall@3": 0.35726950354609927,
    "F1@3": 0.19913880445795337,
    "NDCG@3": 0.3071292675335464,
    "Precision@5": 0.10638297872340424,
    "Recall@5": 0.4343971631205674,
    "F1@5": 0.1656957109084769,
    "NDCG@5": 0.3405643324905019,
    "Precision@10": 0.05319148936170212,
    "Recall@10": 0.4343971631205674,
    "F1@10": 0.09283269921567794,
    "NDCG@10": 0.3405643324905019,
    "MRR": 0.3375886524822695,
    "HitRate": 0.48936170212765956
  },
  "CogMem-Full": {
    "Precision@1": 0.23333333333333334,
    "Recall@1": 0.18148148148148152,
    "F1@1": 0.19629629629629627,
    "NDCG@1": 0.23333333333333334,
    "Precision@3": 0.13333333333333333,
    "Recall@3": 0.3194444444444444,
    "F1@3": 0.18095238095238095,
    "NDCG@3": 0.27878664106557965,
    "Precision@5": 0.10666666666666666,
    "Recall@5": 0.40370370370370373,
    "F1@5": 0.1621252204585538,
    "NDCG@5": 0.31715957266120054,
    "Precision@10": 0.05333333333333333,
    "Recall@10": 0.40370370370370373,
    "F1@10": 0.09171569171569173,
    "NDCG@10": 0.31715957266120054,
    "MRR": 0.31444444444444447,
    "HitRate": 0.45555555555555555
  }
}