{
  "locomo_metrics": {
    "Random": {
      "Precision@1": 0.0,
      "Recall@1": 0.0,
      "F1@1": 0.0,
      "NDCG@1": 0.0,
      "Precision@3": 0.0,
      "Recall@3": 0.0,
      "F1@3": 0.0,
      "NDCG@3": 0.0,
      "Precision@5": 0.0,
      "Recall@5": 0.0,
      "F1@5": 0.0,
      "NDCG@5": 0.0,
      "Precision@10": 0.0001006036217303823,
      "Recall@10": 0.0005030181086519115,
      "F1@10": 0.0001676727028839705,
      "NDCG@10": 0.00017830914163385084,
      "MRR": 0.0001006036217303823,
      "HitRate": 0.001006036217303823
    },
    "RAG": {
      "Precision@1": 0.2152917505030181,
      "Recall@1": 0.17145695239256606,
      "F1@1": 0.18335010060362172,
      "NDCG@1": 0.2152917505030181,
      "Precision@3": 0.12541918175720992,
      "Recall@3": 0.28655867383231565,
      "F1@3": 0.16625215272096558,
      "NDCG@3": 0.25461714466710267,
      "Precision@5": 0.09436619718309858,
      "Recall@5": 0.3512911161049994,
      "F1@5": 0.1421868736003545,
      "NDCG@5": 0.28148035127235105,
      "Precision@10": 0.061871227364185113,
      "Recall@10": 0.4363784613515195,
      "F1@10": 0.10426437112586893,
      "NDCG@10": 0.3121495275739175,
      "MRR": 0.30579748331257384,
      "HitRate": 0.53420523138833
    },
    "TimeDecay": {
      "Precision@1": 0.079476861167002,
      "Recall@1": 0.06253473220274025,
      "F1@1": 0.067018779342723,
      "NDCG@1": 0.079476861167002,
      "Precision@3": 0.054661301140174375,
      "Recall@3": 0.12776703511109952,
      "F1@3": 0.07306218261952667,
      "NDCG@3": 0.10710705720476908,
      "Precision@5": 0.04808853118712273,
      "Recall@5": 0.17643124257812387,
      "F1@5": 0.0721571492446744,
      "NDCG@5": 0.12842870417996252,
      "Precision@10": 0.03490945674044265,
      "Recall@10": 0.25142670406887285,
      "F1@10": 0.059072869521452985,
      "NDCG@10": 0.15440079064877402,
      "MRR": 0.1411624508958513,
      "HitRate": 0.3158953722334004
    },
    "EmotionalRAG": {
      "Precision@1": 0.20925553319919518,
      "Recall@1": 0.16490813568278354,
      "F1@1": 0.17702883970489602,
      "NDCG@1": 0.20925553319919518,
      "Precision@3": 0.12173038229376258,
      "Recall@3": 0.2747377482789957,
      "F1@3": 0.16045866161560327,
      "NDCG@3": 0.24499663635146526,
      "Precision@5": 0.08993963782696178,
      "Recall@5": 0.33747368772519676,
      "F1@5": 0.13598550175511948,
      "NDCG@5": 0.27008895564257795,
      "Precision@10": 0.059657947686116694,
      "Recall@10": 0.42338647434174154,
      "F1@10": 0.10052948097073316,
      "NDCG@10": 0.30140053219240803,
      "MRR": 0.29682260228034874,
      "HitRate": 0.5171026156941649
    },
    "CogMem-ECA": {
      "Precision@1": 0.2193158953722334,
      "Recall@1": 0.17425708653072838,
      "F1@1": 0.1862676056338028,
      "NDCG@1": 0.2193158953722334,
      "Precision@3": 0.1267605633802817,
      "Recall@3": 0.29044868053922374,
      "F1@3": 0.16818038880413128,
      "NDCG@3": 0.2584718816176299,
      "Precision@5": 0.09577464788732393,
      "Recall@5": 0.3595310317895831,
      "F1@5": 0.1447738238734215,
      "NDCG@5": 0.2869543701825096,
      "Precision@10": 0.06267605633802817,
      "Recall@10": 0.43953070816573814,
      "F1@10": 0.10549225122698846,
      "NDCG@10": 0.31645162961905016,
      "MRR": 0.31052864807894986,
      "HitRate": 0.5372233400402414
    },
    "CogMem-CRC": {
      "Precision@1": 0.21629778672032193,
      "Recall@1": 0.1724629886098699,
      "F1@1": 0.18435613682092555,
      "NDCG@1": 0.21629778672032193,
      "Precision@3": 0.12474849094567403,
      "Recall@3": 0.284546601397708,
      "F1@3": 0.16524611650366178,
      "NDCG@3": 0.2541141265584507,
      "Precision@5": 0.09456740442655935,
      "Recall@5": 0.35229715232230324,
      "F1@5": 0.14252221900612244,
      "NDCG@5": 0.28214489696823,
      "Precision@10": 0.06227364185110664,
      "Recall@10": 0.44040260622073474,
      "F1@10": 0.10499603382936262,
      "NDCG@10": 0.31359578571917396,
      "MRR": 0.30661668423237837,
      "HitRate": 0.5382293762575453
    },
    "CogMem-SSDR": {
      "Precision@1": 0.22032193158953722,
      "Recall@1": 0.17698057029042946,
      "F1@1": 0.18896713615023472,
      "NDCG@1": 0.22032193158953722,
      "Precision@3": 0.12810194500335342,
      "Recall@3": 0.29185832890561264,
      "F1@3": 0.16927911681432808,
      "NDCG@3": 0.26069406536843137,
      "Precision@5": 0.09456740442655935,
      "Recall@5": 0.3503689162391376,
      "F1@5": 0.14225873333016192,
      "NDCG@5": 0.2847548561376576,
      "Precision@10": 0.062273641851106634,
      "Recall@10": 0.4421583426595698,
      "F1@10": 0.10510419649047456,
      "NDCG@10": 0.31749544675988245,
      "MRR": 0.311438472102456,
      "HitRate": 0.5382293762575453
    },
    "CogMem-ECA+CRC": {
      "Precision@1": 0.2152917505030181,
      "Recall@1": 0.17201027231208318,
      "F1@1": 0.18375251509054324,
      "NDCG@1": 0.2152917505030181,
      "Precision@3": 0.1267605633802817,
      "Recall@3": 0.29169903983787276,
      "F1@3": 0.1684821996693224,
      "NDCG@3": 0.2572235540194856,
      "Precision@5": 0.09577464788732393,
      "Recall@5": 0.35684826854343954,
      "F1@5": 0.14437315144055587,
      "NDCG@5": 0.2843144850990815,
      "Precision@10": 0.06267605633802817,
      "Recall@10": 0.4411403661134242,
      "F1@10": 0.10557151468653363,
      "NDCG@10": 0.3148974061636901,
      "MRR": 0.30743348982785595,
      "HitRate": 0.5392354124748491
    },
    "CogMem-ECA+SSDR": {
      "Precision@1": 0.21830985915492956,
      "Recall@1": 0.1735528611786157,
      "F1@1": 0.18559691482226692,
      "NDCG@1": 0.21830985915492956,
      "Precision@3": 0.12709590878604962,
      "Recall@3": 0.2918319803380165,
      "F1@3": 0.16865074339923436,
      "NDCG@3": 0.2597143026261438,
      "Precision@5": 0.0953722334004024,
      "Recall@5": 0.35551646821767546,
      "F1@5": 0.14370950143082942,
      "NDCG@5": 0.28608111686849047,
      "Precision@10": 0.062273641851106634,
      "Recall@10": 0.4421583426595698,
      "F1@10": 0.10510419649047456,
      "NDCG@10": 0.31735625824334135,
      "MRR": 0.3112827760212066,
      "HitRate": 0.5382293762575453
    },
    "CogMem-Full": {
      "Precision@1": 0.21830985915492956,
      "Recall@1": 0.1736366975300577,
      "F1@1": 0.1856975184439973,
      "NDCG@1": 0.21830985915492956,
      "Precision@3": 0.12776659959758552,
      "Recall@3": 0.2930320378258004,
      "F1@3": 0.1693908986162507,
      "NDCG@3": 0.25999640278141806,
      "Precision@5": 0.09557344064386318,
      "Recall@5": 0.3588531550050665,
      "F1@5": 0.14441931587303825,
      "NDCG@5": 0.2867399171697921,
      "Precision@10": 0.062273641851106634,
      "Recall@10": 0.4429128698225477,
      "F1@10": 0.10514339270673316,
      "NDCG@10": 0.3172649099183068,
      "MRR": 0.3109286672415445,
      "HitRate": 0.5382293762575453
    }
  },
  "embodied_metrics": {
    "RAG": {
      "Precision@1": 0.6,
      "Recall@1": 0.6,
      "F1@1": 0.6,
      "NDCG@1": 0.6,
      "Precision@3": 0.2,
      "Recall@3": 0.6,
      "F1@3": 0.3,
      "NDCG@3": 0.6,
      "Precision@5": 0.19199999999999995,
      "Recall@5": 0.96,
      "F1@5": 0.32000000000000006,
      "NDCG@5": 0.7392670106044349,
      "Precision@10": 0.09999999999999998,
      "Recall@10": 1.0,
      "F1@10": 0.18181818181818182,
      "NDCG@10": 0.7513082104309942,
      "MRR": 0.6764444444444446,
      "HitRate": 1.0
    },
    "CogMem-SSDR": {
      "Precision@1": 1.0,
      "Recall@1": 1.0,
      "F1@1": 1.0,
      "NDCG@1": 1.0,
      "Precision@3": 0.33333333333333326,
      "Recall@3": 1.0,
      "F1@3": 0.5,
      "NDCG@3": 1.0,
      "Precision@5": 0.19999999999999996,
      "Recall@5": 1.0,
      "F1@5": 0.33333333333333337,
      "NDCG@5": 1.0,
      "Precision@10": 0.09999999999999998,
      "Recall@10": 1.0,
      "F1@10": 0.18181818181818182,
      "NDCG@10": 1.0,
      "MRR": 1.0,
      "HitRate": 1.0
    },